FME,HABILIDADE,CM
T3396333,FMMT,TLE-MG-GVS01-TOT03
T3723283,FMMT,TCO-MS-DOS01-DOS01
T3579709,FMMT,TLE-MG-BHE01-BHE01
T3443676,FMMT,TSP-SP-RPO01-FAC02
T3607152,FMMT,TCO-GO-RVD01-RVD01
T3435453,FMMT,TNE-PI-TSA01-TSA01
T3682658,FMMT,TNE-BA-PAF01-PAF01
T3675891,FMMT,TSL-RS-CXS01-KDK02
T3474750,FMMT,TNE-BA-PAF01-PAF01
T3375138,FMMT,TNE-CE-FLA01-FLA01
T3371339,FMMT,TRJ-RJ-ZNO01-ZOE02
T3696685,FMMT,TSP-SP-SPO01-QDR11
T3738538,FMMT,TSL-PR-CSC01-UMR05
T3431099,FMMT,TSP-SP-SPO01-QDR21
T3727764,FMMT,TSP-SP-SPO01-QDR11
T3522084,FMMT,TRJ-RJ-GRD01-ZSL01
T3719015,FMMT,TSP-SP-SPO01-QDR21
T3684128,FMMT,TSL-SC-BNU01-BNC02
T3702042,FMMT,TCO-GO-GNA01-GNA01
T3428811,FMMT,TRJ-RJ-BXD01-BXD01
T3494552,FMMT,TSP-SP-SPO01-QDR21
T3437837,FIBRA,TSP-SP-SPO01-QDR41
T3559252,FMMT,TNE-PE-RCE01-RCE01
T3430248,FMMT,TSL-RS-SMA01-PMM04
T3531637,FMMT,TLE-MG-GVS01-IPA02
T3692084,FMMT,TNE-CE-QXA01-QXA01
T3489214,FMMT,TNE-PB-JPA01-JPA01
T3732681,FMMT,TSP-SP-SPO01-QDR21
T3739628,FMMT,TRJ-RJ-INT01-CPS02
T3407081,FMMT,TNO-PA-BLM01-ANA05
T3429555,FMMT,TRJ-RJ-ZNO01-ZOE02
T3536761,FMMT,TNE-PE-PTA01-PTA01
T3447292,FMMT,TCO-RO-CWL01-CWL01
T3540087,FMMT,TRJ-RJ-GRD01-ZSL01
T3729443,FMMT,TSP-SP-SPO01-QDR21
T3677050,FMMT,TNO-MA-SLS01-SIS08
T3349112,FMMT,TRJ-RJ-INT01-CBF01
T3561447,FMO,TRJ-RJ-BXD01-BXD01
T3429533,FMMT,TRJ-RJ-GRD01-ZSL01
T3376421,FMO,TRJ-RJ-GRD01-ZSL01
T3448927,FMMT,TNO-PA-MBA01-TUU05
T3723506,FMMT,TNO-PA-BLM01-CPN05
T3571791,FMMT,TLE-MG-GVS01-TOT03
T3718662,FMMT,TLE-MG-MCL01-MCL01
T3736111,FMMT,TNO-PA-BLM01-ANA05
T3676725,FMMT,TLE-MG-BHE01-BHE01
T3741239,FMMT,TLE-MG-ULA01-PMS03
T3516727,FMMT,TNE-PI-TSA01-TSA01
T3695618,FMMT,TSL-SC-BNU01-BNC02
T3371305,FMMT,TRJ-RJ-GRD01-ZSL01
T3708784,FMMT,TSP-SP-SOC01-SOC01
T3350825,FMMT,TSP-SP-SOC01-SOC01
T3297167,FMMT,TRJ-RJ-ZNO01-ZOE02
T3479114,FMMT,TRJ-RJ-BXD01-NIT02
T3496555,FMO,TNO-PA-BLM01-BLM02
T3267498,FMMT,TLE-MG-JFA01-BCA02
T3267487,FMMT,TNE-BA-SDR01-SDR01
T3725330,FMMT,TLE-MG-URA01-URA01
T3619834,FMMT,TNO-AP-MPA01-MPA01
T3297158,FMMT,TRJ-RJ-ZNO01-ZOE02
T3429545,FMMT,TRJ-RJ-INT01-NFB03
T3522907,FMMT,TRJ-RJ-ZNO01-ZOE02
T3447605,FMMT,TNO-MA-SLS01-CSX06
T3677051,FMMT,TNO-MA-SLS01-SIS08
T3405786,FMMT,TSP-SP-SPO01-QDR21
T3297225,FMMT,TRJ-RJ-GRD01-ZSL01
T3361024,FMMT,TSP-SP-SPO01-QDR11
T3548894,FMMT,TRJ-RJ-GRD01-ZSL01
T3703904,FMMT,TNO-PA-BLM01-CPN05
T3280035,FMMT,TNE-RN-NTL01-NTL01
T3606599,FMMT,TNO-PA-MBA01-PUP02
T3142177,FMMT,TRJ-ES-EPS01-VIT03
T3678117,FMMT,TSP-SP-SPO01-QDR10
T3650292,FMMT,TSP-SP-SPO01-QDR11
T3662695,FMMT,TRJ-RJ-ZNO01-ZOE02
T3612466,FMMT,TCO-GO-GNA01-GNA01
T3161084,FMMT,TNE-BA-JUO01-JUO01
T3637449,FMMT,TSP-SP-SPO01-QDR41
T3448703,FMMT,TRJ-ES-EPS01-VIT03
T3526441,FMMT,TNE-CE-SOL01-SOL01
T3612468,FMMT,TCO-GO-GNA01-GNA01
T3722525,FMMT,TLE-MG-URA01-URA01
T3624781,FMMT,TSP-SP-SJC01-SJC01
T3424400,FMMT,TSP-SP-RPO01-RPO01
T3396357,FMMT,TNE-BA-SDR01-SDR01
T3503582,FMMT,TRJ-RJ-INT01-CPS02
T3372854,FMMT,TNE-BA-SNJ01-SNJ01
T3612812,FMO,TCO-MT-CBA01-CBA01
T3447629,FMMT,TNO-MA-SLS01-PIH07
T3162395,FMMT,TNE-RN-MRO01-MRO01
T3510919,FMMT,TNE-AL-MCO01-MCO01
T3376435,FMMT,TRJ-RJ-BXD01-NIT02
T3392152,FMMT,TNO-PA-MBA01-MBA02
T3713358,FMMT,TCO-MT-ROI01-ROI01
T3609073,FMMT,TRJ-RJ-GRD01-ZSL01
T3683151,FMMT,TNO-MA-ITZ01-ITZ02
T3573896,FMMT,
T3141656,FMMT,TSL-RS-CXS01-CSL01
T3493838,FMMT,TCO-GO-URC01-URC01
T3430750,FMMT,TRJ-RJ-ZNO01-ZOE02
T3604351,FMMT,TNE-CE-FLA01-FLA01
T3143006,FMMT,TLE-MG-BHE01-BHE01
T3522439,FMMT,TRJ-RJ-ZNO01-ZOE02
T3372850,FMMT,TNE-BA-FSA01-FSA01
T3497201,FMMT,TNE-BA-ITB01-ITB01
T3697098,FMMT,TRJ-RJ-INT01-VRD05
T3528874,FMMT,TSL-PR-MGA01-MGR04
T3695653,FMMT,TCO-MS-CPE01-CPE01
T3154389,FMMT,TLE-MG-BHE01-BHE01
T3154458,FMMT,TNE-BA-SDR01-SDR01
T3651131,FMMT,TSP-SP-SPO01-QDR11
T3142106,FMMT,TNE-CE-FLA01-FLA01
T3480756,FMMT,TSP-SP-SJC01-SJC01
T3443710,FMMT,TSP-SP-STS01-STS02
T3488485,FMMT,TNO-MA-ITZ01-PDA03
T3548875,FMO,TRJ-RJ-GRD01-ZSL01
T3509597,FMMT,TSL-PR-CTA02-CTA01
T3376455,FMO,TRJ-RJ-ZNO01-ZOE02
T3623611,FMO,TRJ-RJ-GRD01-ZSL01
T3513681,FMMT,TNE-CE-FLA01-FLA01
T3599209,FMO,TNE-PE-RCE01-RCE01
T3633292,FMO,TNE-PE-RCE01-RCE01
T3447673,FMMT,TNO-MA-ITZ01-ITZ02
T3577071,FMMT,TSP-SP-PPE01-PPE01
T3142056,FMMT,TSL-PR-MGA01-MGR04
T3723262,FMMT,TSP-SP-SPO01-QDR11
T3264578,FMMT,TRJ-RJ-GRD01-ZSL01
T3734175,FMMT,TNO-PA-BLM01-BLM02
T3497200,FMMT,TNE-BA-EUS01-EUS01
T3161102,FMMT,TSP-SP-SPO01-QDR21
T3586161,FMO,TRJ-RJ-BXD01-BXD01
T3175965,FMMT,TSL-RS-CXS01-CSL01
T3639425,FMMT,TSL-PR-MGA01-LDA03
T3621619,FMO,TRJ-RJ-GRD01-ZSL01
T3504083,FMO,TRJ-RJ-ZNO01-ZOE02
T3511189,FMMT,TSL-PR-CTA02-CTA01
T3448924,FMMT,TNO-PA-BLM01-BLM02
T3684156,FMMT,TNO-PA-BLM01-BLM02
T3540279,FMMT,TSL-RS-SMA01-PAS02
T3371287,FMMT,TRJ-RJ-BXD01-BXD01
T3496853,FMMT,TNO-PA-SRM01-SRM02
T3545148,FMMT,TSL-PR-CTA02-CTA01
T3675887,FMMT,TSL-SC-FNS01-FNP02
T3727768,FMMT,TSP-SP-SPO01-QDR21
T3600624,FMMT,TSP-SP-SRR01-SRR01
T3560404,FMMT,TSP-SP-SPO01-QDR41
T3623797,FMMT,TSL-PR-MGA01-APU01
T3730998,FMMT,TSP-SP-SPO01-QDR21
T3396332,FMMT,TLE-MG-VGA01-VGA01
T3503583,FMMT,TRJ-RJ-GRD01-ZSL01
T3598664,FMMT,TNO-MA-ITZ01-PDA03
T3571790,FMMT,TLE-MG-GVS01-IPA02
T3396319,FMMT,TLE-MG-JFA01-BCA02
T3622264,FMMT,TNE-BA-VCA01-VCA01
T3443652,FMMT,TNE-BA-GNB01-GNB01
T3664473,FMMT,TNO-AM-MNS01-MNS01
T3447827,FMMT,TNE-PB-POS01-POS01
T3686700,FMMT,TLE-MG-GVS01-TOT03
T3557500,FMMT,TNE-PB-JPA01-JPA01
T3448650,FMMT,TNE-AL-AIR01-AIR01
T3679009,Predios Industriais,TSP-SP-SPO01-QDR21
T3447325,FMMT,TCO-DF-BSA01-BSA01
T3489955,FMO,TNE-BA-JEE01-JEE01
T3718443,Predios Industriais,TNO-RR-BVA01-BVA01
T3376241,FIBRA,TSP-SP-SPO01-QDR32
T3382877,FMMT,TSP-SP-SPO01-QDR21
T3736886,FMMT,TSP-SP-SPO01-QDR21
T3430507,FMMT,TRJ-RJ-BXD01-NIT02
T3521361,FMMT,TNO-MA-SLS01-SLS02
T3447812,FMMT,TNE-PB-JPA01-JPA01
T3679742,FMMT,TCO-DF-BSA01-BSA01
T3507990,FMMT,TSP-SP-STS01-STS02
T3244710,FMMT,TSP-SP-SPO01-QDR21
T3711948,FMMT,TSP-SP-SPO01-QDR41
T3367020,FMMT,TSP-SP-SPO01-QDR21
T3727769,FMMT,TSP-SP-SPO01-QDR11
T3684195,FMMT,TSP-SP-SPO01-QDR21
T3662689,FMMT,TRJ-RJ-BXD01-BXD01
T3494983,FMMT,TSP-SP-PPE01-PPE01
T3429537,FMMT,TRJ-RJ-INT01-PET04
T3726787,FMMT,TSP-SP-STS01-STS02
T3644480,FMMT,TSP-SP-STS01-STS02
T3682010,FMMT,TSP-SP-SOC01-SOC01
T3621687,FMMT,TLE-MG-VGA01-PSA02
T3504452,FMMT,TCO-AC-RBO01-RBO01
T3448651,FMMT,TNE-PE-ACV01-ACV01
T3531284,FMMT,TNE-CE-SOL01-SOL01
T3443659,FMMT,TNE-BA-VCA01-VCA01
T3378938,FMMT,TCO-DF-BSA01-BSA01
T3741703,FMO,TRJ-RJ-GRD01-ZSL01
T3550535,FMMT,TRJ-RJ-INT01-NFB03
T3496744,FMMT,TSL-SC-FNS01-FNP02
T3434421,FMMT,TNE-RN-NTL01-NTL01
T3447294,FMMT,TCO-MT-CBA01-CBA01
T3728252,FMMT,TCO-TO-PMJO1-PMJ01
T3623618,FIBRA,TSP-SP-SPO01-QDR21
T3606568,FMMT,TNE-CE-FLA01-FLA01
T3315344,FMMT,TCO-DF-BSA01-BSA01
T3381939,FMMT,TSL-SC-BNU01-JOV03
T3600213,FMMT,TRJ-RJ-GRD01-ZSL01
T3738716,FMMT,TLE-MG-ULA01-PMS03
T3474905,FMMT,TCO-MT-CBA01-CBA01
T3690674,FMMT,TSP-SP-STS01-STS02
T3501276,FMO,TRJ-RJ-GRD01-ZSL01
T3177783,FMMT,TRJ-RJ-BXD01-NIT02
T3615353,FMO,TNE-PI-TSA01-TSA01
T3685994,FMMT,TLE-MG-GVS01-GVS01
T3429225,PREDITIVA MACKINSEY,TRJ-ES-EPS01-VIT03
T3542516,FMMT,TLE-MG-BHE01-BHE01
T3504183,PREDITIVA MACKINSEY,TNE-PB-POS01-POS01
T3512962,FMMT,TSP-SP-PAA01-PAA01
T3202761,FMMT,TNO-PA-BLM01-BLM02
T3357873,FMMT,TLE-MG-BHE01-BHE01
T3629928,FMO,TSP-SP-SPO01-QDR11
T3338954,FMMT,TSL-RS-SMA01-PAS02
T3646344,FMMT,TSL-PR-MGA01-JCZ02
T3433158,FMMT,TRJ-RJ-INT01-PET04
T3443649,PREDITIVA MACKINSEY,TNE-SE-AJU01-AJU01
T3396330,FMMT,TLE-MG-BHE01-CLA02
T3660630,FMMT,TSP-SP-SOC01-SOC01
T3161106,FMMT,TLE-MG-VGA01-VGA01
T3556273,PREDITIVA MACKINSEY,TSL-PR-CTA02-CTA01
T3614075,PREDITIVA MACKINSEY,TNE-CE-FLA01-FLA01
T3620229,FMMT,TSP-SP-SPO01-QDR41
T3710912,PREDITIVA MACKINSEY,TLE-MG-BHE01-BHE01
T3409129,PREDITIVA MACKINSEY,TNE-PI-TSA01-PNA02
T3712083,FMMT,TLE-MG-VGA01-PSO03
T3401903,FMMT,TCO-RO-PVO01-PVO01
T3599704,PREDITIVA MACKINSEY,TLE-MG-ULA01-ULA01
T3430019,PREDITIVA MACKINSEY,TRJ-ES-EPS01-CIM01
T3708782,FMMT,TSP-SP-SOC01-SOC01
T3606857,PREDITIVA MACKINSEY,TRJ-RJ-INT01-CBF01
T3665877,PREDITIVA MACKINSEY,TNE-CE-FLA01-FLA01
T3603622,PREDITIVA MACKINSEY,TRJ-ES-EPS01-VIT03
T3429558,PREDITIVA MACKINSEY,TLE-MG-GVS01-TOT03
T3429551,PREDITIVA MACKINSEY,TRJ-RJ-INT01-VRD05
T3307284,FMO,TRJ-RJ-GRD01-ZSL01
T3508298,FMMT,TSP-SP-JAI01-JAI01
T3489443,PREDITIVA MACKINSEY,TNE-CE-FLA01-FLA01
T3441076,FMMT,TSP-SP-PAA01-SJV02
T3711616,FMMT,TSP-SP-SPO01-QDR21
T3516726,FMMT,TNE-PI-TSA01-TSA01
T3258562,FMMT,TSP-SP-SPO01-QDR11
T3585149,PREDITIVA MACKINSEY,TRJ-RJ-BXD01-BXD01
T3548874,FMO,TRJ-RJ-ZNO01-ZOE02
T3650730,FMMT,TSP-SP-JAI01-JAI01
T3685274,FMMT,TNO-PA-SRM01-OXA05
T3533061,FMMT,TSL-PR-CTA02-CTA01
T3706193,PREDITIVA MACKINSEY,TRJ-ES-EPS01-CIM01
T3443674,FMMT,TSP-SP-RPO01-RPO01
T3710913,FMMT,TLE-MG-BHE01-BHE01
T3429608,PREDITIVA MACKINSEY,TRJ-RJ-ZNO01-ANG01
T3489192,PREDITIVA MACKINSEY,TNE-PI-FLO01-FLO01
T3280032,PREDITIVA MACKINSEY,TNE-RN-NTL01-NTL01
T3599673,FMMT,TSP-SP-SOC01-SOC01
T3429252,PREDITIVA MACKINSEY,TRJ-ES-EPS01-VIT03
T3430025,FMMT,TSL-RS-POA01-POA01
T3429227,PREDITIVA MACKINSEY,TRJ-ES-EPS01-VIT03
T3429233,PREDITIVA MACKINSEY,TRJ-RJ-BXD01-NIT02
T3447843,PREDITIVA MACKINSEY,TNE-PB-CGE01-CGE01
T3686710,FMMT,TNE-BA-SDR01-SDR01
T3656357,FMMT,TRJ-RJ-GRD01-ZSL01
T3017082,FMMT,TSL-RS-CXS01-NHO03
T3674206,FMMT,
T3162390,PREDITIVA MACKINSEY,TNE-PI-TSA01-PIP03
T3560854,FMMT,TNE-CE-IAU01-IAU01
T3522031,FMO,TNO-PA-BLM01-ABT06
T3428685,FMMT,TRJ-RJ-ZNO01-ZOE02
T3439465,FMO,TRJ-ES-EPS01-VIT03
T3523115,PREDITIVA MACKINSEY,TRJ-RJ-ZNO01-ZOE02
T3501286,FMO,TRJ-RJ-GRD01-ZSL01
T3727763,FMMT,TSP-SP-SPO01-QDR21
T3613624,FMO,TNE-BA-SDR01-SDR01
T3337697,PREDITIVA MACKINSEY,TRJ-RJ-ZNO01-ANG01
T3583523,PREDITIVA MACKINSEY,TNE-AL-AIR01-AIR01
T3540280,PREDITIVA MACKINSEY,TRJ-RJ-ZNO01-ZOE02
T3396293,PREDITIVA MACKINSEY,TLE-MG-VGA01-VGA01
T3613278,FMO,TSP-SP-RPO01-RPO01
T3681269,FMMT,TRJ-RJ-BXD01-NIT02
T3741724,FMMT,TLE-MG-MCL01-MCL01
T3354429,FMMT,TRJ-RJ-ZNO01-ZOE02
T3713959,Predios Industriais,TNO-PA-BLM01-ANA05
T3552058,FMMT,TSL-PR-CTA01-IRT02
T3727930,PREDITIVA MACKINSEY,TRJ-RJ-BXD01-NIT02
T3717220,FMMT,TRJ-ES-EPS01-CIM01
T3706477,FMMT,TSP-SP-SPO01-QDR21
T3402089,FMMT,TLE-MG-BHE01-BHE01
T3447603,FMMT,TNO-MA-SLS01-SLS02
T3510918,FMMT,TNE-AL-AIR01-AIR01
T3396341,FMMT,TNE-BA-JEE01-JEE01
T3493504,FMMT,TSP-SP-SJC01-CGT02
T3607720,FMMT,TLE-MG-BHE01-BHE01
T3593274,FMO,TSP-SP-SPO01-QDR11
T3474885,FMMT,TCO-TO-ARN01-ARN01
T3723513,FMO,TLE-MG-BHE01-BHE01
T3436772,FMMT,TSP-SP-SPO01-QDR21
T3717217,FMMT,TNE-PE-RCE01-RCE01
T3349327,FMMT,TRJ-RJ-GRD01-ZSL01
T3258611,FMMT,TSP-SP-SOC01-SOC01
T3621448,FMMT,TNE-BA-BES01-BES01
T3263044,FMMT,TSP-SP-SPO01-QDR41
T3162301,FMMT,TNE-CE-FLA01-FLA01
T3444775,FMMT,TSL-RS-POA01-POA01
T3490937,PREDITIVA MACKINSEY,TLE-MG-MCL01-MCL01
T3447815,FMMT,TNE-PE-RCE01-RCE01
T3733807,FMMT,TSL-RS-SMA01-PLT03
T3610682,PREDITIVA MACKINSEY,TLE-MG-VGA01-PSA02
T3593252,FMO,TSP-SP-SPO01-QDR21
T3740743,FMMT,TSL-SC-BNU01-JOV03
T3734603,FMMT,TSP-SP-STS01-STS02
T3017086,FMMT,TSL-RS-POA01-POA01
T3394162,FIBRA,TSP-SP-SOC01-SOC01
T3693874,FMMT,TNE-BA-GNB01-GNB01
T3396354,FMMT,TNE-BA-FSA01-FSA01
T3143002,FMMT,TLE-MG-ULA01-ULA01
T3694552,FMMT,TCO-MS-CPE01-CPE01
T3429552,FMMT,TRJ-RJ-ZNO01-ANG01
T3727762,FMMT,TNO-PA-MBA01-MBA02
T3738325,FMMT,TLE-MG-BHE01-BHE01
T3377353,FMO,TSP-SP-SPO01-QDR21
T3522389,FMMT,TRJ-RJ-ZNO01-ZOE02
T3692081,FMMT,TLE-MG-VGA01-VGA01
T3690428,PREDITIVA MACKINSEY,TLE-MG-MCL01-CUV03
T3413613,FMMT,TSP-SP-SPO01-QDR11
T3371271,FMMT,TRJ-RJ-ZNO01-ZOE02
T3376271,FIBRA,TSP-SP-SPO01-QDR21
T3599679,FMMT,TLE-MG-ULA01-ULA01
T3300765,FIBRA,TSP-SP-SOC01-SOC01
T3492211,FMMT,TNE-BA-SDR01-SDR01
T3143010,FMMT,TNE-BA-SDR01-SDR01
T3618018,PREDITIVA MACKINSEY,TLE-MG-JFA01-VCO04
T3142039,FMMT,TSL-PR-CTA02-CTA01
T3338133,FMMT,TRJ-RJ-ZNO01-ZOE02
T3374532,PREDITIVA MACKINSEY,TLE-MG-JFA01-VCO04
T3601480,FMMT,TRJ-RJ-ZNO01-ZOE02
T3487618,FMMT,TCO-DF-BSA01-BSA01
T3328446,FMO,
T3297222,FMO,TRJ-RJ-GRD01-ZSL01
T3370509,FMO,TRJ-RJ-GRD01-ZSL01
T3702593,FMMT,TSL-SC-LGS01-CHP01
T3695652,FMMT,TNO-PA-BLM01-PGN06
T3631039,FMMT,TNO-PA-BLM01-CAH03
T3447322,FMMT,TCO-TO-PMJO1-GUR01
T3672960,FMMT,TSL-RS-POA01-POA01
T3692452,FMMT,TNO-AP-MPA01-MPA01
T3656299,FMMT,TRJ-RJ-ZNO01-ZOE02
T3680987,FMMT,TNO-PA-BLM01-BLM02
T3409057,FIBRA,TSP-SP-STS01-STS02
T3694088,FMMT,TNE-PE-ACV01-ACV01
T3497192,FMMT,TNE-PE-CRU01-CRU01
T3429234,FMMT,TRJ-RJ-BXD01-BXD01
T3631551,FMMT,TLE-MG-VGA01-PSA02
T3447330,FMMT,TCO-RO-CWL01-CWL01
T3396315,FMMT,TLE-MG-GVS01-GVS01
T3443679,FMMT,TSP-SP-RPO01-FAC02
T3736856,FMMT,TSL-RS-POA01-POA01
T3689215,FMMT,TSP-SP-JAI01-JAI01
T3717216,FMMT,TNE-PE-RCE01-RCE01
T3267466,FMMT,TNE-BA-SDR01-SDR01
T3443823,FMO,TRJ-RJ-GRD01-ZSL01
T3443667,FMMT,TSP-SP-SJC01-SJC01
T3154425,FMMT,TLE-MG-BHE01-BHE01
T3640531,FMMT,TSP-SP-PAA01-PAA01
T3679754,FMMT,TSL-PR-MGA01-PRV05
T3267757,FMMT,TCO-DF-BSA01-BSA01
T3396337,FMMT,TNE-BA-SDR01-SDR01
T3670355,FMMT,TRJ-RJ-INT01-PET04
T3593253,FIBRA,TSP-SP-SPO01-QDR21
,FMMT,TRJ-RJ-ZNO01-ZOE02
T3495072,FMMT,TSP-SP-SRR01-BDO02
T3491011,FMMT,TNE-BA-SNJ01-SNJ01
T3501296,FMO,TRJ-RJ-ZNO01-ZOE02
T3561876,FMMT,TCO-MS-CPE01-CPE01
T3297214,FMO,TRJ-RJ-GRD01-ZSL01
T3702587,FMMT,TCO-MS-PNB01-PNB01
T3727766,FMMT,TSP-SP-SPO01-QDR21
T3444092,FMMT,TNE-BA-SDR01-SDR01
T3706476,FMMT,TSP-SP-SPO01-QDR21
T3677892,FMMT,TNO-PA-BLM01-ANA05
T3646791,FMMT,TNO-PA-BLM01-ANA05
T3490976,FMMT,TLE-MG-BHE01-CLA02
T3429535,FMMT,TRJ-RJ-BXD01-BXD01
T3396317,FMMT,TLE-MG-BHE01-BHE01
T3305567,FIBRA,TSP-SP-STS01-STS02
T3738275,FMO,TRJ-RJ-GRD01-ZSL01
T3708372,FMMT,TLE-MG-MCL01-CUV03
T3629455,FMMT,TCO-GO-GNA01-GNA01
T3641573,FMMT,TCO-DF-BSA01-BSA01
T3645758,FMMT,TSL-PR-MGA01-PRV05
T3429232,FMMT,TRJ-RJ-BXD01-NIT02
T3441072,FMMT,TSP-SP-CAS01-CAS01
T3636611,FMO,TNE-AL-AIR01-AIR01
T3730937,Predios Industriais,TRJ-RJ-INT01-VRD05
T3448657,FMMT,TNE-PE-RCE01-RCE01
T3165761,FMMT,TNE-PE-RCE01-RCE01
T3474083,FMMT,TSL-RS-CXS01-SCR04
T3496832,FMMT,TSL-SC-LGS01-LAG03
T3517613,FMMT,TNE-CE-FLA01-FLA01
T3441080,FMMT,TSP-SP-CAS01-CAS01
T3738279,FMO,TRJ-RJ-BXD01-BXD01
T3495004,FMMT,TLE-MG-JFA01-JFA01
T3396348,FMMT,TNE-BA-ITB01-ITB01
T3631046,FMMT,TNO-PA-BLM01-ABT06
T3593487,FMMT,TNE-PE-RCE01-RCE01
T3496485,FMMT,TCO-DF-BSA01-BSA01
T3692756,FMMT,TNO-PA-BLM01-BLM02
T3376272,FIBRA,TSP-SP-SPO01-QDR21
T3700374,FMMT,TSL-PR-CTA02-PRG03
T3443668,FMMT,TSP-SP-SJC01-SJC01
T3541706,FMMT,TCO-DF-BSA01-BSA01
T3612814,FMMT,TCO-MS-PNB01-PNB01
T3490982,FMMT,TLE-MG-DVL01-DVL01
T3443665,FMMT,TSP-SP-SRR01-VOT04
T3423430,FMO,TSP-SP-SPO01-QDR21
T3664577,PREDITIVA MACKINSEY,TSL-PR-CTA02-CTA01
T3638693,FMMT,TNE-PI-TSA01-PIP03
T3682006,FMMT,TCO-GO-GNA01-GNA01
T3431123,FMMT,TRJ-RJ-ZNO01-ZOE02
T3392352,FMMT,TSP-SP-SPO01-QDR21
T3664576,FMMT,TSL-PR-MGA01-JCZ02
T3611800,FMMT,TLE-MG-BHE01-BHE01
T3720778,FMMT,TCO-GO-RVD01-RVD01
T3606452,FMO,TRJ-RJ-BXD01-NIT02
T3396295,FMMT,TLE-MG-URA01-URA01
T3709858,FMMT,TSL-PR-MGA01-APU01
T3587459,FMMT,TSP-SP-CAS01-CAS01
T3648303,FMMT,TSL-PR-MGA01-CPM05
T3631859,FMMT,TSL-PR-CTA02-CTA01
T3582884,FMMT,TSP-SP-SPO01-QDR21
T3443656,FMMT,TNE-BA-SEB01-SEB01
T3588554,FMMT,TLE-MG-BHE01-BHE01
T3262979,FMMT,TNO-MA-ITZ01-ITZ02
T3676691,FMMT,TLE-MG-BHE01-BHE01
T3429378,FMMT,TSL-RS-SMA01-PMM04
T3142095,FMMT,TNE-PB-CGE01-CGE01
T3580325,FMO,TRJ-RJ-BXD01-BXD01
T3497946,FMMT,TNE-BA-ITB01-ITB01
T3740746,FMMT,TNE-BA-BES01-BES01
T3728174,FMMT,TNE-PE-RCE01-RCE01
T3496203,FMMT,TNO-AP-MPA01-MPA01
T3415316,FMMT,TSP-SP-SPO01-QDR41
T3517616,FMMT,TNE-CE-SOL01-SOL01
T3428686,FMMT,TRJ-RJ-INT01-CBF01
T3597734,FMMT,TRJ-RJ-INT01-CPS02
T3429539,FMMT,TRJ-RJ-INT01-CBF01
T3663859,FMO,TCO-MS-CPE01-CPE01
T3557844,FMMT,TCO-GO-GNA01-GNA01
T3665348,FMMT,TSL-RS-POA01-POA01
T3689157,FMMT,TLE-MG-JFA01-JFA01
T3510051,FMMT,TCO-MT-SNO01-SNO01
T3638577,FMMT,TLE-MG-DVL01-DVL01
T3443700,FMMT,TSP-SP-SJC01-CGT02
T3693414,FMMT,TLE-MG-JFA01-BCA02
T3711950,FMMT,TSP-SP-JAI01-JAI01
T3734602,FMMT,TSP-SP-SPO01-QDR41
T3303308,FMMT,TNE-PE-RCE01-RCE01
T3678312,FMMT,TSP-SP-SPO01-QDR11
T3602826,FMMT,TRJ-RJ-ZNO01-ZOE02
T3702594,FMMT,TSL-SC-FNS01-CRI01
T3731605,FMMT,TNE-PE-CRU01-CRU01
T3690648,FMMT,TCO-MS-MRD01-MRD01
T3557839,FMMT,TCO-MS-CPE01-CPE01
T3741710,FMMT,TNE-RN-NTL01-NTL01
T3536762,FMMT,TNE-PE-CRU01-CRU01
T3448774,FMMT,TSL-PR-CTA01-GPV01
T3161045,FMMT,TSP-SP-SPO01-QDR11
T3447818,FMMT,TNE-PB-POS01-POS01
T3452302,FMMT,TRJ-RJ-GRD01-ZSL01
T3493495,FMMT,TSP-SP-PPE01-ARC02
T3396318,FMMT,TLE-MG-GVS01-IPA02
T3656144,FMMT,TSP-SP-SPO01-QDR21
T3498337,FMMT,TSP-SP-BRU01-BTU05
T3678116,FMMT,TSP-SP-CAS01-MMM02
T3612733,FMMT,TCO-MT-CBA01-CBA01
T3670169,FMMT,TLE-MG-DVL01-DVL01
T3670063,FMMT,TSL-SC-FNS01-TBR03
T3235734,FMMT,TSL-PR-MGA01-JCZ02
T3687086,FMMT,TLE-MG-DVL01-DVL01
T3728234,FMMT,TSP-SP-SPO01-QDR21
T3495005,FMMT,TLE-MG-DVL01-DVL01
T3630047,FMO,TSP-SP-SPO01-QDR11
T3702040,FMMT,TNO-MA-SLS01-CSX06
T3360471,FMO,TRJ-RJ-ZNO01-ZOE02
T3581153,FMMT,TRJ-RJ-ZNO01-ZOE02
T3617321,FMMT,TSL-SC-LGS01-CHP01
T3443677,FMMT,TSP-SP-RPO01-ARQ04
T3396355,FMMT,TNE-BA-BES01-BES01
T3142082,FMMT,TNE-AL-MCO01-MCO01
T3544781,FMMT,TSP-SP-CAS01-CAS01
T3735569,FMMT,TNE-CE-CTS01-CTS01
T3617235,Predios Industriais,TRJ-RJ-BXD01-BXD01
T3629605,FMMT,TRJ-RJ-GRD01-ZSL01
T3623106,FMO,TSL-PR-CSC01-UMR05
T3733094,PREDITIVA MACKINSEY,TNE-SE-AJU01-AJU01
T3248725,FMMT,TRJ-RJ-ZNO01-ZOE02
T3550539,FMMT,TRJ-RJ-ZNO01-ZOE02
T3741124,FMMT,TSL-PR-MGA01-LDA03
T3443689,FMMT,TSP-SP-RPO01-STZ03
T3678634,FMMT,TSL-SC-FNS01-FNP02
T3669944,FMMT,TSP-SP-BRU01-MIA03
T3573894,FMMT,TCO-MT-CBA01-CBA01
T3448775,FMMT,TSL-PR-CTA02-PRG03
T3604248,FMMT,TSL-SC-BNU01-JOV03
T3497213,FMMT,TNE-AL-AIR01-AIR01
T3611130,FMMT,TLE-MG-DVL01-DVL01
T3638629,FMMT,TSL-PR-CSC01-PTB04
T3643023,FMMT,TSP-SP-BRU01-MIA03
T3396334,FMMT,TLE-MG-GVS01-MNH04
T3604142,FMMT,TLE-MG-GVS01-GVS01
T3498527,FMMT,TLE-MG-ULA01-ULA01
T3615547,FMMT,TSP-SP-SPO01-QDR41
T3335042,FMMT,TSP-SP-SPO01-QDR21
T3725494,FMMT,TSL-PR-CTA02-CTA01
T3623107,FMO,TSL-SC-FNS01-FNP02
T3647902,FMO,TNE-RN-MRO01-MRO01
T3448654,FMMT,TNE-PE-RCE01-RCE01
T3734604,FMMT,TCO-GO-GNA01-GNA01
T3680985,FMMT,TCO-MT-BAG01-BAG01
T3613367,FMO,TSL-PR-CTA02-CTA01
T3376267,FIBRA,TSP-SP-SPO01-QDR21
T3637829,FMMT,TNE-CE-IAU01-IAU01
T3300647,FMO,TRJ-RJ-GRD01-ZSL01
T3196091,FMMT,TCO-GO-GNA01-GNA01
T3285342,FMMT,TRJ-RJ-GRD01-ZSL01
T3202763,FMMT,TNO-AM-MNS01-MNS01
T3606598,FMMT,TNO-PA-BLM01-CPN05
T3610808,FMMT,TLE-MG-URA01-URA01
T3396183,FMMT,TSP-SP-SJC01-SJC01
T3498565,FMMT,TNE-SE-AJU01-AJU01
T3702595,FMMT,TSL-SC-FNS01-FNP02
T3161067,FMMT,TSP-SP-SRR01-SRR01
T3429540,FMMT,TRJ-RJ-INT01-CBF01
T3637392,FMMT,TSP-SP-PAA01-SJV02
T3498553,FMMT,TLE-MG-GVS01-IPA02
T3614197,FMMT,TNO-PA-SRM01-IAB04
T3176540,FMMT,TSP-SP-BRU01-BRU01
T3595823,FMO,TRJ-RJ-ZNO01-ZOE02
T3501298,FMO,TRJ-RJ-GRD01-ZSL01
T3396344,FMO,TNE-BA-SEB01-SEB01
T3738324,FMMT,TRJ-RJ-INT01-VRD05
T3495063,FMMT,TSP-SP-CAS01-MMM02
T3448925,FMMT,TNO-PA-MBA01-RDO04
T3708783,FMMT,TSP-SP-SPO01-QDR41
T3443688,FMMT,TSP-SP-SRR01-VOT04
T3161090,FMMT,TSP-SP-SJC01-SJC01
T3519979,FMMT,TSP-SP-PPE01-ARC02
T3738960,FMMT,TSL-PR-CSC01-FOZ03
T3670070,FMMT,TSL-SC-BNU01-RSL05
T3614080,FMO,TNE-PE-RCE01-RCE01
T3493498,FMMT,TSP-SP-SOC01-SOC01
T3494980,FMMT,TSP-SP-SOC01-IVA02
T3489966,FMO,TNE-BA-FSA01-FSA01
T3474899,FMO,TCO-DF-BSA01-BSA01
T3592894,FMMT,TSP-SP-STS01-STS03
T3665287,FMMT,TNE-BA-JUO01-JUO01
T3623623,FIBRA,TSP-SP-SPO01-QDR21
T3613673,FMO,TSL-SC-BNU01-BNC02
T3740639,FMMT,TSP-SP-SPO01-QDR21
T3496579,FMO,TNO-MA-SLS01-SLS02
T3398718,FMMT,TNE-CE-FLA01-FLA01
T3640115,FMMT,TSP-SP-SPO01-QDR41
T3354430,FMMT,TSL-SC-BNU01-JOV03
T3474900,FMO,TCO-GO-GNA01-GNA01
T3302253,FMMT,TRJ-RJ-GRD01-ZSL01
T3142098,FMMT,TNE-PE-PTA01-PTA01
T3696835,FMMT,TRJ-RJ-INT01-VRD05
T3738272,FMO,TRJ-RJ-GRD01-ZSL01
T3708781,FMMT,TSP-SP-SPO01-QDR21
T3497594,FMMT,TNO-AM-MNS01-MNS01
T3664061,FMMT,TNE-PB-JPA01-JPA01
T3430752,FMMT,TRJ-RJ-ZNO01-ZOE02
T3303886,FMMT,TSP-SP-SPO01-QDR11
T3593173,FIBRA,TSP-SP-SPO01-QDR21
T3585570,FMMT,TLE-MG-ULA01-ULA01
T3297144,FMO,TRJ-RJ-ZNO01-ZOE02
T3447842,FMMT,TNE-RN-NTL01-NTL01
T3653757,FMMT,TLE-MG-MCL01-MCL01
T3640044,FMMT,TLE-MG-BHE01-BHE01
T3734586,FMMT,TSL-PR-CSC01-UMR05
T3372640,PREDITIVA MACKINSEY,TRJ-ES-EPS01-CIM01
T3619501,PREDITIVA MACKINSEY,TRJ-RJ-GRD01-ZSL01
T3730113,FMO,TLE-MG-BHE01-BHE01
T3480345,FMMT,TRJ-RJ-INT01-CPS02
T3528287,FMMT,TNE-CE-FLA01-FLA01
T3702829,PREDITIVA MACKINSEY,TNE-PE-RCE01-RCE01
T3630043,FMO,TSP-SP-SPO01-QDR21
T3429615,FMMT,TSL-RS-POA01-POA01
T3376261,FIBRA,TSP-SP-SPO01-QDR21
T3615351,FMO,TNE-RN-NTL01-NTL01
T3497347,FMMT,TNO-PA-BLM01-BLM02
T3430021,PREDITIVA MACKINSEY,TRJ-RJ-BXD01-NIT02
T3738286,FMMT,TSL-RS-SMA01-PLT03
T3429229,PREDITIVA MACKINSEY,TRJ-RJ-ZNO01-ZOE02
T3494971,FMMT,TSP-SP-BRU01-BRU01
T3681265,FMO,TRJ-RJ-GRD01-ZSL01
T3392160,FMMT,TNO-PA-MBA01-MBA02
T3429222,PREDITIVA MACKINSEY,TRJ-ES-EPS01-VIT03
T3470659,FMMT,TSL-PR-MGA01-LDA03
T3487586,FMMT,TCO-GO-GNA01-GNA01
T3662979,FMO,TSL-RS-POA01-POA01
T3730934,Predios Industriais,TLE-MG-BHE01-BHE01
T3720556,FMMT,TNE-CE-FLA01-FLA01
T3550537,FMMT,TRJ-RJ-INT01-VRD05
T3723514,PREDITIVA MACKINSEY,TNE-PI-TSA01-TSA01
T3142119,FMMT,TNE-PE-RCE01-RCE01
T3707552,FMMT,TLE-MG-DVL01-DVL01
T3447848,FMMT,TNE-PE-RCE01-RCE01
T3662383,FMMT,TSL-SC-BNU01-RSL05
T3726793,FMMT,TSP-SP-SJC01-CGT02
T3738266,FMO,TRJ-RJ-GRD01-ZSL01
T3678588,FMMT,TNO-PA-MBA01-RDO04
T3443696,FMMT,TSP-SP-SOC01-SOC01
T3430018,FMMT,TRJ-ES-EPS01-VIT03
T3704628,FMMT,TSP-SP-STS01-STS01
T3679032,FMMT,TSP-SP-SOC01-SOC01
T3495010,PREDITIVA MACKINSEY,TLE-MG-ULA01-AXA04
T3508300,FMMT,TSP-SP-SPO01-QDR41
T3372846,PREDITIVA MACKINSEY,TNE-BA-FSA01-FSA01
T3300634,FMO,TRJ-RJ-ZNO01-ZOE02
T3396339,FMMT,TNE-BA-JUO01-JUO01
T3513159,FMMT,TSL-PR-CTA01-GPV01
T3702588,FMMT,TCO-MS-DOS01-DOS01
T3447675,FMMT,TNO-MA-SLS01-SLS02
T3640132,FMMT,TSP-SP-SPO01-QDR41
T3383752,FMMT,TSL-PR-CTA01-PTG04
T3738284,FMO,TRJ-RJ-GRD01-ZSL01
T3447331,FMMT,TCO-RO-CWL01-CWL01
T3429550,FMMT,TRJ-RJ-INT01-VRD05
T3625168,FMMT,TCO-RO-PVO01-PVO01
T3678314,FMMT,TSP-SP-SPO01-QDR11
T3496851,FMMT,TNO-PA-BLM01-BLM02
T3220666,FMMT,TRJ-RJ-INT01-PET04
T3718426,Predios Industriais,TLE-MG-MCL01-MCL01
T3377312,FMO,TSP-SP-SPO01-QDR11
T3309051,FMMT,TNE-SE-AJU01-AJU01
T3175969,FMMT,TSL-RS-SMA01-SMA01
T3267515,FMMT,TLE-MG-ULA01-ULA01
T3607702,PREDITIVA MACKINSEY,TLE-MG-GVS01-MNH04
T3161142,FMMT,TSP-SP-SPO01-QDR41
T3604361,FMMT,TNE-CE-QXA01-QXA01
T3430252,FMMT,TSL-RS-SMA01-ALG06
T3642870,FMMT,TLE-MG-ULA01-ULA01
T3540324,FMMT,TNE-PE-CRU01-CRU01
T3489941,FMO,TNE-PE-RCE01-RCE01
T3562549,FMMT,TNE-BA-SDR01-SDR01
T3720233,FMMT,TLE-MG-JFA01-JFA01
T3726790,FMMT,TCO-GO-CLV01-CLV01
T3489199,FMMT,TNE-PE-PLS01-PLS01
T3309510,FIBRA,TSP-SP-SPO01-QDR21
T3142017,FMMT,TSL-PR-CSC01-CCV01
T3017106,FMMT,TSL-RS-CXS01-KDK02
T3690671,FMMT,TSP-SP-SPO01-QDR11
T3606562,FMMT,TSL-PR-CSC01-CCV01
T3695595,FMMT,TLE-MG-JFA01-JFA01
T3496564,FMO,TNO-AP-MPA01-MPA01
T3176532,FMMT,TSP-SP-SPO01-QDR11
T3599210,FMO,TRJ-RJ-GRD01-ZSL01
T3613778,FMMT,TNE-CE-JNE01-JNE01
T3681731,FMMT,TNE-PE-RCE01-RCE01
T3596103,PREDITIVA MACKINSEY,TNE-BA-SEB01-SEB01
T3735517,FMMT,TSL-SC-BNU01-BNC02
T3396358,FMMT,TNE-BA-BES01-BES01
T3396349,FMMT,TNE-BA-TAF01-TAF01
T3741123,FMO,TSL-PR-MGA01-MGR04
T3470686,FMMT,TRJ-RJ-GRD01-ZSL01
T3647810,FMMT,TCO-MT-BAG01-BAG01
T3607482,FMMT,TRJ-RJ-INT01-NFB03
T3629911,FMO,TNE-PE-RCE01-RCE01
T3428681,FMMT,TRJ-RJ-ZNO01-ZOE02
T3297218,FMO,TRJ-RJ-ZNO01-ZOE02
T3713997,Predios Industriais,TLE-MG-BHE01-BHE01
T3270314,FMMT,TSP-SP-SPO01-QDR12
T3421446,FMMT,TNO-MA-SLS01-BLS04
T3429560,FMMT,TRJ-RJ-ZNO01-ZOE02
T3429556,FMMT,TRJ-RJ-ZNO01-ZOE02
T3377314,FMO,TSP-SP-CAS01-CAS01
T3675889,FMMT,TSL-RS-CXS01-KDK02
T3599212,FMO,TRJ-RJ-ZNO01-ZOE02
T3493517,FMMT,TSP-SP-SPO01-QDR21
T3666454,FMMT,TSL-PR-MGA01-MGR04
T3740745,FMMT,TSL-PR-CSC01-FOZ03
T3489946,FMO,
T3738280,FMO,TRJ-RJ-ZNO01-ZOE02
T3690678,FMMT,TNO-PA-BLM01-ABT06
T3496565,FMO,TNO-AM-MNS01-MNS01
T3686437,FMMT,TSL-PR-CTA02-PRG03
T3297147,FMO,TRJ-RJ-BXD01-BXD01
T3685972,FMMT,TSP-SP-CAS01-CAS01
T3733860,FMMT,TNE-BA-ITB01-ITB01
T3545941,FMMT,TLE-MG-VGA01-VGA01
T3496852,FMMT,TNO-PA-BLM01-CAH03
T3550540,FMMT,TRJ-ES-EPS01-VIT03
T3675365,FMMT,TSP-SP-SPO01-QDR11
T3443029,FMMT,TSL-SC-LGS01-JCB02
T3429598,FMMT,TRJ-RJ-BXD01-BXD01
T3674446,FMMT,TSL-SC-FNS01-FNP02
T3717627,Predios Industriais,TLE-MG-GVS01-GVS01
T3371254,FMO,TRJ-RJ-ZNO01-ZOE02
T3202488,FMMT,TSL-PR-CSC01-CCV01
T3538505,FMMT,TNO-PA-BLM01-BLM02
T3514393,FMMT,TLE-MG-BHE01-BHE01
T3593505,FMMT,TNO-AM-MNS01-MNS01
T3154404,FMMT,TLE-MG-BHE01-JML03
T3517611,FMMT,TNE-CE-SOL01-SOL01
T3429223,FMMT,TRJ-ES-EPS01-VIT03
T3409131,FMMT,TNE-PI-FLO01-FLO01
T3349319,FMMT,TRJ-RJ-ZNO01-ZOE02
T3474888,FMO,
T3431109,FMMT,TSP-SP-SJC01-SJC01
T3514616,FMMT,TNE-PE-PTA01-PTA01
T3681716,FMMT,TSP-SP-SPO01-QDR21
T3691580,FMMT,TSP-SP-SPO01-QDR11
T3738066,FMMT,TNO-AM-MNS01-MNS01
T3720234,FMMT,TLE-MG-JFA01-JFA01
T3429546,FMMT,TRJ-RJ-INT01-NFB03
T3600512,FMMT,TCO-MT-CBA01-CBA01
T3162313,FMMT,TNE-CE-JNE01-JNE01
T3142116,FMMT,TNE-CE-JNE01-JNE01
T3447628,FMMT,TNO-MA-SLS01-PIH07
T3175962,FMMT,TSL-RS-CXS01-KDK02
T3447264,FMMT,TCO-MT-CBA01-CBA01
T3694018,FMMT,TCO-GO-GNA01-GNA01
T3649437,Predios Industriais,TSP-SP-SPO01-QDR41
T3653626,FMMT,TSP-SP-SPO01-QDR41
T3534617,FMMT,TNO-MA-SLS01-BAC03
T3497211,FMMT,TNE-AL-MCO01-MCO01
T3489930,FMO,TNE-CE-QXA01-QXA01
T3548893,FMO,TRJ-RJ-GRD01-ZSL01
T3490760,FMMT,TCO-DF-BSA01-BSA01
T3635767,FMMT,TNE-PB-POS01-POS01
T3590064,FMMT,TSP-SP-CAS01-CAS01
T3738551,FMMT,TRJ-RJ-INT01-PET04
T3272621,FMMT,TNO-RR-BVA01-BVA01
T3413879,FMMT,TSP-SP-SPO01-QDR21
T3396288,FMMT,TLE-MG-BHE01-JML03
T3527121,FMMT,TRJ-RJ-GRD01-ZSL01
T3508214,FMMT,TNE-PE-RCE01-RCE01
T3429564,FMMT,TRJ-RJ-INT01-VRD05
T3175955,FMMT,TSL-PR-CSC01-PTB04
T3141779,FMMT,TSL-RS-SMA01-SAN05
T3338988,FMMT,TSL-RS-SMA01-SAN05
T3537226,FMMT,TSP-SP-STS01-STS02
T3726788,FMMT,TSP-SP-SPO01-QDR41
T3742726,FMO,TRJ-RJ-GRD01-ZSL01
T3396326,FMMT,TLE-MG-DVL01-DVL01
T3338493,FMMT,TRJ-RJ-GRD01-ZSL01
T3675888,FMO,TSL-SC-BNU01-JOV03
T3448399,FMMT,TNO-RR-BVA01-BVA01
T3718427,Predios Industriais,TNE-BA-SDR01-SDR01
T3604331,FMMT,TNE-CE-FLA01-FLA01
T3377392,FMO,TSP-SP-SPO01-QDR11
T3695882,FMMT,TLE-MG-BHE01-BHE01
T3378063,FMO,TSL-PR-CTA02-CTA01
T3627806,FMMT,TNE-CE-FLA01-FLA01
T3573851,FMMT,TSP-SP-SPO01-QDR41
T3447849,FMMT,TNE-PE-RCE01-RCE01
T3738287,FMMT,TSL-RS-SMA01-PLT03
T3687094,Predios Industriais,TRJ-RJ-GRD01-ZSL01
T3695881,FMMT,TNE-BA-SDR01-SDR01
T3447674,FMMT,TNO-MA-SLS01-SLS02
T3615721,FMO,TSP-SP-SPO01-QDR41
T3584985,FMMT,TNE-BA-SDR01-SDR01
T3354426,FMMT,TRJ-RJ-GRD01-ZSL01
T3376532,FIBRA,TSP-SP-SPO01-QDR21
T3413418,FMMT,TSP-SP-STS01-STS02
T3430028,FMMT,TSL-RS-CXS01-SCR04
T3711946,FMMT,TSP-SP-SJC01-SJC01
T3253200,FMMT,TSL-SC-BNU01-BLU01
T3717218,FMMT,TNE-PE-ACV01-ACV01
T3610268,FMO,TNO-AM-MNS01-MNS01
T3582441,FMMT,TNO-AM-MNS01-MNS01
T3666063,FMMT,TNO-PA-MBA01-TUU05
T3665660,FMMT,TSP-SP-SPO01-QDR11
T3333744,FMO,TRJ-RJ-GRD01-ZSL01
T3443678,FMMT,TSP-SP-PPE01-PPE01
T3548901,FMO,TRJ-RJ-GRD01-ZSL01
T3728711,FMMT,TSL-SC-BNU01-BLU01
T3613623,FMO,TNE-PE-RCE01-RCE01
T3694087,FMMT,TNE-PE-ACV01-ACV01
T3667618,FIBRA,TSP-SP-SPO01-QDR21
T3541707,FMMT,TCO-DF-BSA01-BSA01
T3727765,FMMT,TSP-SP-SPO01-QDR21
T3480342,FMMT,TSP-SP-SOC01-SOC01
T3376484,FIBRA,TSP-SP-SPO01-QDR21
T3533840,FMMT,TSL-SC-FNS01-FNP02
T3679755,FMO,TSL-RS-POA01-POA01
T3685967,FMMT,TNO-PA-BLM01-ANA05
T3630066,FMO,TSP-SP-SPO01-QDR41
T3667617,FIBRA,TSP-SP-SPO01-QDR41
T3631591,FMMT,TRJ-RJ-ZNO01-ZOE02
T3500971,FMMT,TLE-MG-BHE01-BHE01
T3257414,FMMT,TSP-SP-SPO01-QDR21
T3612469,FMMT,TCO-TO-PMJO1-TGT01
T3541373,FMMT,TSL-RS-CXS01-NHO03
T3685969,FMMT,TSP-SP-SPO01-QDR21
T3448397,FMMT,TNO-RR-BVA01-BVA01
T3457037,FMMT,TNE-PE-RCE01-RCE01
T3378349,FMMT,TRJ-RJ-GRD01-ZSL01
T3691575,FMMT,TNO-AM-MNS01-MNS01
T3448773,FMMT,TSL-PR-MGA01-LDA03
T3740403,FMO,TRJ-RJ-GRD01-ZSL01
T3301837,FIBRA,TSP-SP-SPO01-QDR41
T3670115,FMMT,TSL-PR-MGA01-CPM05
T3581791,FMO,TSP-SP-SPO01-QDR21
T3373268,FMMT,TSL-RS-POA01-POA01
T3556271,FMMT,TSL-PR-CTA02-CTA01
T3310484,FIBRA,TSP-SP-SPO01-QDR21
T3642639,FMMT,TSL-SC-FNS01-FNP02
T3667743,FMMT,TCO-TO-PMJO1-GUR01
T3714808,Predios Industriais,TNE-PI-TSA01-TSA01
T3720559,FMO,TLE-MG-JFA01-JFA01
T3141639,FMMT,TSL-RS-POA01-POA01
T3704629,FMMT,TNO-MA-ITZ01-PDA03
T3719856,FMMT,TSL-RS-SMA01-PAS02
T3718661,FMMT,TLE-MG-MCL01-MCL01
T3710450,FMMT,TLE-MG-ULA01-AXA04
T3659947,FMMT,TNE-RN-NTL01-NTL01
T3514920,FMMT,TLE-MG-VGA01-VGA01
T3612737,FMMT,TCO-MT-ROI01-ROI01
T3300762,FIBRA,TSP-SP-SPO01-QDR21
T3710509,FMMT,TLE-MG-URA01-URA01
T3489209,FMMT,TNE-PE-CRU01-CRU01
T3720777,FMMT,TCO-MT-CBA01-CBA01
T3447836,FMMT,TNE-PE-ACV01-ACV01
T3633360,FMO,TSL-SC-LGS01-CHP01
T3720842,Predios Industriais,TNE-AL-MCO01-MCO01
T3538508,FMMT,TCO-DF-BSA01-BSA01
T3713999,Predios Industriais,TCO-MT-CBA01-CBA01
T3550716,FMMT,TNO-MA-SLS01-BAC03
T3564796,FMMT,TNE-PE-PTA01-PTA01
T3680289,FMO,TSL-SC-BNU01-MFR04
T3396312,FMMT,TLE-MG-MCL01-CUV03
T3589117,FMMT,TNE-CE-FLA01-FLA01
T3443703,FMMT,TSP-SP-RPO01-FAC02
T3425138,FMO,TSP-SP-SPO01-QDR11
T3429548,FMMT,TRJ-RJ-INT01-CPS02
T3487588,FMMT,TCO-RO-PVO01-PVO01
T3714811,Predios Industriais,TNE-PI-TSA01-TSA01
T3676589,FMMT,TSL-RS-CXS01-SCR04
T3211162,FMMT,TSL-PR-CTA02-CTA01
T3616906,FMO,TRJ-RJ-GRD01-ZSL01
T3443675,FMMT,TSP-SP-BRU01-AVR02
T3448655,FMMT,TNE-PB-POS01-POS01
T3677049,FMMT,TNO-MA-ITZ01-ITZ02
T3659839,FMMT,TRJ-RJ-BXD01-NIT02
T3561093,FMMT,TNE-BA-SDR01-SDR01
T3447837,FMMT,TNE-PB-JPA01-JPA01
T3496590,FMO,TNO-MA-SLS01-BLS04
T3740402,FMMT,TLE-MG-BHE01-BHE01
T3690680,FMMT,TNO-PA-BLM01-ANA05
T3610776,FMO,TRJ-RJ-GRD01-ZSL01
T3267470,FMMT,TNE-BA-SDR01-SDR01
T3503192,FMMT,TNO-MA-SLS01-SLS02
T3428807,FMMT,TRJ-RJ-GRD01-ZSL01
T3734172,FMMT,TCO-MS-CPE01-CPE01
T3489936,FMO,TNE-PB-JPA01-JPA01
T3635769,FMMT,TNE-CE-FLA01-FLA01
T3652036,Predios Industriais,TNO-PA-SRM01-SRM02
T3505348,Predios Industriais,TRJ-RJ-GRD01-ZSL01
T3487611,FMMT,TCO-TO-PMJO1-PMJ01
T3730084,FMO,TLE-MG-BHE01-BHE01
T3529005,FMO,TRJ-RJ-GRD01-ZSL01
T3349202,FMMT,TNE-BA-FSA01-FSA01
T3740405,FMO,TRJ-RJ-GRD01-ZSL01
T3678636,FMMT,TSL-SC-BNU01-BLU01
T3665245,FMMT,TCO-MS-CPE01-CPE01
T3429543,FMMT,TRJ-RJ-INT01-CBF01
T3697107,Predios Industriais,TSP-SP-SPO01-QDR21
T3376414,FMO,TRJ-RJ-GRD01-ZSL01
T3471020,FMMT,TCO-GO-GNA01-GNA01
T3556529,FMMT,TSP-SP-SPO01-QDR11
T3497186,FMMT,TNE-PE-RCE01-RCE01
T3683153,FMMT,TSL-PR-CSC01-CCV01
T3621686,FMMT,TLE-MG-JFA01-MRE03
T3617093,FMMT,TNE-AL-MCO01-MCO01
T3727247,FMMT,TRJ-RJ-INT01-CPS02
T3154457,FMMT,TLE-MG-MCL01-MCL01
T3638467,FMMT,TSL-PR-CTA01-IRT02
T3698047,FMMT,TCO-TO-PMJO1-PMJ01
T3141800,FMMT,TSL-PR-CTA02-CTA01
T3617091,FMMT,TNE-AL-MCO01-MCO01
T3710508,FMMT,TLE-MG-URA01-URA01
T3429221,FMMT,TRJ-ES-EPS01-VIT03
T3257911,FMMT,TNE-BA-SDR01-SDR01
T3637450,FMMT,TSP-SP-SPO01-QDR11
T3511383,PREDITIVA MACKINSEY,TNE-RN-MRO01-MRO01
T3722845,PREDITIVA MACKINSEY,TLE-MG-URA01-URA01
T3681267,FMMT,TRJ-RJ-GRD01-ZSL01
T3496582,FMO,TNO-MA-SLS01-CSX06
T3493501,FMMT,TSP-SP-JAI01-JAI01
T3621031,FMO,TRJ-RJ-GRD01-ZSL01
T3690651,FMMT,TNO-AP-MPA01-MPA01
T3329656,FMMT,TRJ-RJ-ZNO01-ANG01
T3531843,FMMT,TNE-PI-FLO01-BOM03
T3273107,FMMT,TNE-BA-BES01-BES01
T3649435,FMMT,TRJ-RJ-GRD01-ZSL01
T3615735,FMO,TSP-SP-SPO01-QDR11
T3714003,Predios Industriais,TNO-MA-SLS01-SLS02
T3361095,FMMT,TNE-BA-SDR01-SDR01
T3738469,Predios Industriais,TNE-BA-FSA01-FSA01
T3714806,Predios Industriais,TNE-CE-FLA01-FLA01
T3504159,FMMT,TRJ-ES-EPS01-CIM01
T3354421,FMMT,TRJ-RJ-GRD01-ZSL01
T3519178,FMMT,TCO-MT-CBA01-CBA01
T3457886,FMMT,TSP-SP-PPE01-ASI03
T3262980,FMMT,TNO-AM-MNS01-MNS01
T3152639,FMMT,TCO-DF-BSA01-BSA01
T3507799,Predios Industriais,TNE-PB-JPA01-JPA01
T3623629,FIBRA,TSP-SP-SPO01-QDR41
T3610267,FMO,TNO-PA-BLM01-BLM02
T3612576,FMMT,TCO-DF-BSA01-BSA01
T3582895,FMMT,TNO-AP-MPA01-MPA01
T3647903,FMO,TNE-BA-SDR01-SDR01
T3611269,FMO,TRJ-RJ-BXD01-BXD01
T3618719,FMMT,TNE-BA-JEE01-JEE01
T3680675,FMMT,TCO-DF-BSA01-BSA01
T3625165,FMO,
T3604346,FMMT,TNE-CE-FLA01-FLA01
T3491443,FMO,TLE-MG-VGA01-PSO03
T3651097,FMMT,TSP-SP-SRR01-BDO02
T3713972,Predios Industriais,TCO-DF-BSA01-BSA01
T3679746,FMMT,TCO-TO-PMJO1-PMJ01
T3680628,FMO,TSL-PR-CSC01-CCV01
T3637828,FMMT,TRJ-RJ-BXD01-BXD01
T3689415,FMMT,TNO-MA-ITZ01-PDA03
T3730644,FMO,TRJ-ES-EPS01-VIT03
T3447838,FMMT,TNE-PE-RCE01-RCE01
T3429530,FMMT,TRJ-RJ-BXD01-BXD01
T3650728,FMMT,TCO-MS-DOS01-DOS01
T3714784,Predios Industriais,TRJ-RJ-GRD01-ZSL01
T3496846,FMMT,TNO-AM-MNS01-MNS01
T3667622,FIBRA,TSP-SP-SPO01-QDR41
T3443644,FMMT,TLE-MG-BHE01-BHE01
T3154413,PREDITIVA MACKINSEY,TLE-MG-MCL01-MCL01
T3678639,FMMT,TSL-SC-FNS01-FNP02
T3376409,FMO,TRJ-RJ-GRD01-ZSL01
T3496576,FMO,TNO-MA-SLS01-SLS02
T3148021,Predios Industriais,TSP-SP-SPO01-QDR21
T3615490,FMMT,TCO-TO-PMJO1-PMJ01
T3381930,FMMT,TSL-RS-SMA01-SMA01
T3447820,FMMT,TNE-RN-NTL01-NTL01
T3616900,FMO,TRJ-RJ-BXD01-BXD01
T3681514,FMMT,TSP-SP-SPO01-QDR11
T3464556,FMMT,TRJ-RJ-ZNO01-ZOE02
T3741704,FMO,TRJ-RJ-ZNO01-ZOE02
T3636614,FMO,TNE-RN-ACU01-ACU01
T3211742,Predios Industriais,TSP-SP-SPO01-QDR41
T3447627,FMMT,TNO-MA-ITZ01-ITZ02
T3721120,Predios Industriais,TNE-CE-JNE01-JNE01
T3309107,FMMT,TCO-DF-BSA01-BSA01
T3267473,Predios Industriais,TLE-MG-JFA01-JFA01
T3338990,FMMT,TSL-RS-SMA01-ALG06
T3738285,FMO,TRJ-RJ-GRD01-ZSL01
T3447852,FMMT,TNE-PE-PTA01-PTA01
T3291005,FMMT,TRJ-RJ-GRD01-ZSL01
T3593264,FIBRA,TSP-SP-SOC01-SOC01
T3598950,FMMT,TNE-AL-MCO01-MCO01
T3142127,FMMT,TNE-RN-NTL01-NTL01
T3428580,FMMT,TSL-RS-CXS01-CSL01
T3739583,FMMT,TLE-MG-GVS01-TOT03
T3444780,FMMT,TSL-RS-POA01-POA01
T3547728,FMMT,TRJ-RJ-GRD01-ZSL01
T3664035,FMMT,TSL-SC-LGS01-JCB02
T3675201,FMMT,TNE-AL-MCO01-MCO01
T3675204,FMMT,TNE-CE-JNE01-JNE01
T3723244,FMMT,TCO-AC-RBO01-RBO01
T3745909,FMMT,TCO-MT-SNO01-SNO01
T3484824,FMO,TSL-RS-POA01-POA01
T3499558,FMO,TCO-GO-GNA01-GNA01
T3424888,FMMT,TSP-SP-SPO01-QDR11
T3613290,FMO,TSP-SP-SRR01-SRR01
T3675348,PREDITIVA MACKINSEY,TNE-CE-FLA01-FLA01
T3613626,FMO,TNE-AL-MCO01-MCO01
T3528324,FMMT,TNE-AL-AIR01-AIR01
T3687083,FMMT,TSP-SP-PAA01-PAA01
T3394230,FIBRA,TSP-SP-SPO01-QDR41
T3615709,FMO,TSP-SP-SPO01-QDR11
T3253739,FMMT,TSP-SP-SPO01-QDR41
T3640131,FMMT,TSP-SP-SPO01-QDR41
T3735500,FMMT,TSP-SP-SOC01-SOC01
T3649432,FMO,TNE-BA-VCA01-VCA01
T3651098,FMMT,TSP-SP-SPO01-QDR41
T3740643,FMMT,TCO-TO-ARN01-ARN01
T3691576,FMO,TCO-MS-CPE01-CPE01
T3661385,FMMT,TCO-GO-GNA01-GNA01
T3489933,FMO,TNE-RN-NTL01-NTL01
T3672963,FMO,TSL-RS-SMA01-SMA01
T3615711,FMO,TSP-SP-SPO01-QDR11
T3285347,FMMT,TRJ-RJ-GRD01-ZSL01
T3257425,FMMT,TSP-SP-SPO01-QDR11
T3730935,Predios Industriais,TNE-RN-ACU01-ACU01
T3556276,FMMT,TSP-SP-SPO01-QDR10
T3360993 ,FMMT,TSP-SP-SPO01-QDR11
T3319676,Predios Industriais,TRJ-RJ-GRD01-ZSL01
T3740744,FMO,TSL-PR-MGA01-MGR04
T3737525,Predios Industriais,TNO-RR-BVA01-BVA01
T3677644,FMMT,TSP-SP-SPO01-QDR11
T3720557,FMMT,TNE-CE-FLA01-FLA01
T3377400,FIBRA,TSP-SP-SPO01-QDR41
T3137254,Predios Industriais,TRJ-RJ-GRD01-ZSL01
T3474902,FMO,TCO-RO-PVO01-PVO01
T3447290,FMMT,TCO-AC-RBO01-RBO01
T3702586,FMMT,TNO-AM-MNS01-MNS01
T3489935,FMO,
T3522759,Predios Industriais,TCO-DF-BSA01-BSA01
T3730938,Predios Industriais,TNE-CE-FLA01-FLA01
T3613622,FMO,TNE-CE-QXA01-QXA01
T3747964,FMMT,TSP-SP-PAA01-SJV02
T3267506,FMMT,TLE-MG-VGA01-VGA01
T3740742,FMO,TSL-RS-POA01-POA01
T3681382,FMMT,TSP-SP-SPO01-QDR21
T3474898,FMO,TCO-DF-BSA01-BSA01
T3267494,FMMT,TLE-MG-MCL01-MCL01
T3616504,FMMT,TCO-MT-PCK01-PCK01
T3429239,FMMT,TRJ-RJ-BXD01-BXD01
T3358096,Predios Industriais,TRJ-RJ-GRD01-ZSL01
T3734214,Predios Industriais,TCO-DF-BSA01-BSA01
T3734215,Predios Industriais,TCO-DF-BSA01-BSA01
T3443031,FMMT,TSL-SC-LGS01-LAG03
T3671266,FMMT,TSP-SP-SPO01-QDR11
T3721125,Predios Industriais,TRJ-ES-EPS01-VIT03
T3256157,Predios Industriais,TNE-CE-FLA01-FLA01
T3721353,FMO,TSL-PR-CTA02-CTA01
T3491012,FMMT,TNE-BA-SDR01-SDR01
T3447624,FMMT,TNO-MA-ITZ01-ITZ02
T3733911,Predios Industriais,TNE-PE-RCE01-RCE01
T3431121,FMMT,TRJ-RJ-GRD01-ZSL01
T3636612,FMO,TNE-PB-CGE01-CGE01
T3619159,FMMT,TLE-MG-BHE01-BHE01
T3636558,FMO,TNE-CE-FLA01-FLA01
T3657385,Predios Industriais,TSP-SP-SPO01-QDR41
T3612578,FMMT,TCO-DF-BSA01-BSA01
T3738671,Predios Industriais,TLE-MG-ULA01-ULA01
T3717640,Predios Industriais,TLE-MG-BHE01-BHE01
T3560330,FMMT,TSP-SP-BRU01-MIA03
T3720558,FMMT,TRJ-RJ-GRD01-ZSL01
T3664330,FMMT,TRJ-ES-EPS01-SMT02
T3721121,Predios Industriais,TNE-BA-JUO01-JUO01
T3713982,Predios Industriais,TLE-MG-BHE01-BHE01
T3438690,FMMT,TNE-SE-AJU01-AJU01
T3720843,Predios Industriais,TNE-BA-VCA01-VCA01
T3610936,FMO,TNO-PA-BLM01-BLM02
T3694958,FMMT,TLE-MG-MCL01-MCL01
T3477106,FMO,TSP-SP-SPO01-QDR21
T3707210,FMMT,TSL-PR-CTA01-PTG04
T3720840,Predios Industriais,TNE-BA-SDR01-SDR01
T3588857,Predios Industriais,TRJ-RJ-GRD01-ZSL01
T3579868,FMMT,TCO-MT-SNO01-SNO01
T3741234,FMMT,TLE-MG-URA01-URA01
T3635768,FMMT,TNE-PI-FLO01-PCZ02
T3335991,FMMT,TNE-BA-SDR01-SDR01
T3651266,FMMT,TSL-PR-MGA01-MGR04
T3681732,FMMT,TNE-CE-FLA01-FLA01
T3548934,FMO,TRJ-RJ-GRD01-ZSL01
T3713979,Predios Industriais,TNO-MA-SLS01-SLS02
T3714802,Predios Industriais,
T3568868,Predios Industriais,TRJ-RJ-GRD01-ZSL01
T3447324,FMMT,TCO-GO-GNA01-GNA01
T3492648,FMMT,TLE-MG-BHE01-BHE01
T3267464,FMMT,TNE-BA-SDR01-SDR01
T3714803,Predios Industriais,TNE-BA-SDR01-SDR01
T3722523,FMMT,TLE-MG-BHE01-JML03
T3429226,FMMT,TRJ-ES-EPS01-VIT03
T3718419,Predios Industriais,TNO-MA-ITZ01-ITZ02
T3534162,Predios Industriais,TRJ-RJ-GRD01-ZSL01
T3727538,Predios Industriais,TNE-CE-FLA01-FLA01
T3270306,FMMT,TSP-SP-STS01-STS02
T3514617,FMMT,TNE-PE-RCE01-RCE01
T3714005,Predios Industriais,TNO-PA-BLM01-ANA05
T3558279,FMMT,TNO-PA-BLM01-BLM02
T3300873,Predios Industriais,TNO-PA-MBA01-MBA02
T3300638,FMO,TRJ-RJ-ZNO01-ZOE02
T3742871,FMMT,TNO-PA-MBA01-PUP02
T3370032,FMO,TRJ-RJ-ZNO01-ZOE02
T3000106,FMMT,TLE-MG-BHE01-JML03
T3383314,FMMT,TNE-PE-RCE01-RCE01
T3418115,FMO,TSP-SP-SPO01-QDR11
T3584765,FMMT,TSP-SP-SPO01-QDR11
T3720553,FMMT,TNE-CE-FLA01-FLA01
T3603865,Predios Industriais,TCO-AC-RBO01-RBO01
T3665878,FMMT,TNE-PE-RCE01-RCE01
T3502208,FMMT,TSP-SP-RPO01-STZ03
T3339922,FMMT,TLE-MG-ULA01-ULA01
T3665491,FMMT,TRJ-RJ-BXD01-BXD01
T3314761,FIBRA,TSP-SP-SOC01-SOC01
T3302249,FMO,TRJ-RJ-ZNO01-ZOE02
T3605741,FMO,TSP-SP-SPO01-QDR21
T3644308,FMO,TNE-BA-BES01-BES01
T3625197,FMMT,TCO-GO-GNA01-GNA01
T3582439,FMMT,TSP-SP-SOC01-SOC01
T3716312,Predios Industriais,TNE-PE-RCE01-RCE01
T3266863,FMMT,TSL-PR-CTA02-CTA01
T3742156,FMMT,TNE-PE-RCE01-RCE01
T3670864,FMO,TNE-PE-RCE01-RCE01
T3154388,PREDITIVA MACKINSEY,TLE-MG-BHE01-CLA02
T3582440,FMMT,TNO-AM-MNS01-MNS01
T3713973,Predios Industriais,TCO-GO-GNA01-GNA01
T3448932,FMMT,TNO-MA-SLS01-SLS02
T3681104,FMMT,TSL-PR-MGA01-MGR04
T3505343,Predios Industriais,TRJ-RJ-GRD01-ZSL01
T3606291,FMO,TCO-GO-GNA01-GNA01
T3650110,FMMT,TLE-MG-JFA01-BCA02
T3474890,FMO,TCO-GO-GNA01-GNA01
T3649396,FMMT,TLE-MG-URA01-URA01
T3298467,FMMT,TSL-PR-MGA01-MGR04
T3620633,FMO,TSP-SP-SPO01-QDR11
T3485848,FMO,
T3141216,FMMT,TSL-SC-BNU01-BLU01
T3447371,FMMT,TNO-AM-MNS01-MNS01
T3713964,Predios Industriais,TNO-PA-BLM01-ANA05
T3607980,FMMT,TSL-PR-CTA02-CTA01
T3730085,FMO,TLE-MG-ULA01-ULA01
T3297146,FMO,TRJ-RJ-GRD01-ZSL01
T3730477,FMMT,TNE-CE-FLA01-FLA01
T3702358,FMO,TNE-AL-MCO01-MCO01
T3727947,Predios Industriais,TSP-SP-SPO01-QDR41
T3301122,FMO,TSP-SP-SPO01-QDR21
T3447828,FMMT,TNE-PB-CGE01-CGE01
T3744081,FMO,TRJ-RJ-GRD01-ZSL01
T3445753,FMO,TRJ-RJ-GRD01-ZSL01
T3392154,FMMT,TNO-PA-BLM01-BLM02
T3618712,FMO,TNE-PE-RCE01-RCE01
T3713998,Predios Industriais,TCO-DF-BSA01-BSA01
T3471017,FMO,TCO-MT-CBA01-CBA01
T3614077,FMO,TNE-PB-JPA01-JPA01
T3678638,FMMT,TSL-SC-FNS01-FNP02
T3721124,Predios Industriais,TNE-PB-POS01-POS01
T3737521,Predios Industriais,TNE-PB-JPA01-JPA01
T3717643,Predios Industriais,TCO-AC-RBO01-RBO01
T3662694,PREDITIVA MACKINSEY,TRJ-RJ-GRD01-ZSL01
T3354995,FMMT,TCO-GO-GNA01-GNA01
T3717641,Predios Industriais,TCO-MT-CBA01-CBA01
T3613632,FMO,TNE-CE-FLA01-FLA01
T3193324,Predios Industriais,TSP-SP-SPO01-QDR41
T3505341,Predios Industriais,TRJ-RJ-GRD01-ZSL01
T3718422,Predios Industriais,TNE-PE-RCE01-RCE01
T3706947,Predios Industriais,TSP-SP-SPO01-QDR21
T3717639,Predios Industriais,TRJ-RJ-GRD01-ZSL01
T3680632,FMMT,TSL-PR-MGA01-PRV05
T3447661,Predios Industriais,TNO-AM-MNS01-MNS01
T3744084,FMO,TRJ-RJ-GRD01-ZSL01
T3526480,Predios Industriais,TLE-MG-VGA01-VGA01
T3738470,Predios Industriais,TNE-PI-TSA01-TSA01
T3749111,Predios Industriais,TCO-GO-GNA01-GNA01
T3619160,FMMT,TLE-MG-GVS01-TOT03
T3444776,FMMT,TSL-RS-POA01-POA01
T3715550,Predios Industriais,TNE-PE-RCE01-RCE01
T3522420,FMO,TNE-BA-SDR01-SDR01
T3613619,FMMT,TNE-AL-MCO01-MCO01
T3665492,FMMT,TRJ-RJ-ZNO01-ANG01
T3623619,FIBRA,TSP-SP-SPO01-QDR21
T3610266,FMO,TNO-AM-MNS01-MNS01
T3731841,FMMT,TSP-SP-SPO01-QDR21
T3718430,Predios Industriais,TCO-DF-BSA01-BSA01
T3720844,Predios Industriais,TRJ-RJ-BXD01-BXD01
T3425873,FIBRA,TSP-SP-SPO01-QDR21
T3253216,FMMT,TSL-RS-CXS01-NHO03
T3689623,Predios Industriais,TRJ-RJ-GRD01-ZSL01
T3613615,FMO,TNE-PB-JPA01-JPA01
T3491441,FMO,TLE-MG-MCL01-MCL01
T3263043,FMMT,TSP-SP-SOC01-SOC01
T3595404,FMMT,TCO-DF-BSA01-BSA01
T3396304,FMMT,TLE-MG-VGA01-VGA01
T3644315,FMO,TNE-CE-FLA01-FLA01
T3702787,Predios Industriais,TSP-SP-SPO01-QDR21
T3474889,FMO,TCO-MT-CBA01-CBA01
T3666123,FMMT,TSL-RS-CXS01-CSL01
T3692033,FMMT,TNO-PA-SRM01-IAB04
T3672953,FMMT,TSL-RS-POA01-POA01
T3154395,FMMT,TLE-MG-BHE01-BHE01
T3611799,FMO,TLE-MG-URA01-URA01
T3447814,FMMT,TNE-RN-NTL01-NTL01
T3722181,Predios Industriais,TCO-GO-GNA01-GNA01
T3742864,FMMT,TSP-SP-SPO01-QDR32
T3494554,FMMT,TSP-SP-SPO01-QDR11
T3613634,FMO,TNE-PI-TSA01-TSA01
T3474895,FMO,TCO-MT-CBA01-CBA01
T3744080,FMO,TRJ-RJ-GRD01-ZSL01
T3681103,FMMT,TSL-PR-MGA01-LDA03
T3302247,FMO,TRJ-RJ-BXD01-BXD01
T3300714,FMO,TSP-SP-SPO01-QDR11
T3444094,FMMT,TNE-BA-ITB01-ITB01
T3649207,FMMT,TCO-GO-GNA01-GNA01
T3628564,Predios Industriais,TNO-AP-MPA01-MPA01
T3489193,FMMT,TNE-PI-TSA01-TSA01
T3496848,FMMT,TNO-PA-BLM01-ANA05
T3629787,FMMT,TNE-CE-FLA01-FLA01
T3717626,Predios Industriais,TLE-MG-DVL01-DVL01
T3128750,Predios Industriais,TSP-SP-SPO01-QDR21
T3443811,FMO,TRJ-RJ-ZNO01-ZOE02
T3693876,FMMT,TLE-MG-BHE01-CLA02
T3600625,FMMT,TSP-SP-SRR01-SRR01
T3742895,FMMT,TSP-SP-CAS01-CAS01
T3361160,PREDITIVA MACKINSEY,TRJ-RJ-GRD01-ZSL01
T3422615,FMMT,TSL-RS-POA01-POA01
T3733810,FMMT,TSL-SC-LGS01-CHP01
T3742041,FMMT,TNE-PI-TSA01-TSA01
T3494974,FMMT,TSP-SP-SPO01-QDR12
T3744082,FMO,TRJ-RJ-GRD01-ZSL01
T3625718,FMO,TNE-RN-NTL01-NTL01
T3207052,Predios Industriais,TSP-SP-SPO01-QDR41
T3489956,FMO,TNE-BA-ITB01-ITB01
T3489958,FMO,
T3734216,Predios Industriais,TCO-DF-BSA01-BSA01
T3479184,FMMT,TCO-DF-BSA01-BSA01
T3607727,FMMT,TSP-SP-RPO01-ARQ04
T3512961,FMMT,TSP-SP-PAA01-SJV02
T3279592,FMMT,TSP-SP-SPO01-QDR11
T3730932,Predios Industriais,TNE-PI-TSA01-TSA01
T3713960,Predios Industriais,TCO-TO-PMJO1-PMJ01
T3611624,FMO,TNE-BA-SDR01-SDR01
T3746169,FMMT,TSL-RS-SMA01-ALG06
T3715552,Predios Industriais,TLE-MG-DVL01-DVL01
T3723510,FMMT,TLE-MG-BHE01-BHE01
T3743523,FMO,TSL-RS-CXS01-CSL01
T3505568,Predios Industriais,TRJ-RJ-GRD01-ZSL01
T3713987,Predios Industriais,TLE-MG-BHE01-BHE01
T3727346,FMMT,TSP-SP-PAA01-PAA01
T3706948,Predios Industriais,TSP-SP-SPO01-QDR21
T3742870,FMMT,TNO-AP-MPA01-MPA01
T3722171,FMMT,TSL-PR-CTA02-CTA01
T3490761,FMO,TCO-MS-CPE01-CPE01
T3470613,FMMT,TSL-PR-CTA02-CTA01
T3429561,FMMT,TRJ-RJ-ZNO01-ZOE02
T3429532,FMMT,TRJ-RJ-GRD01-ZSL01
T3743765,FMMT,TCO-GO-CLV01-CLV01
T3074227,FMMT,TLE-MG-BHE01-BHE01
T3613455,FMO,TSL-SC-BNU01-MFR04
T3714801,Predios Industriais,TNE-BA-SDR01-SDR01
T3551266,Predios Industriais,TRJ-RJ-GRD01-ZSL01
T3733915,Predios Industriais,TCO-MS-CPE01-CPE01
T3682176,FMO,TSL-PR-CTA02-CTA01
T3690652,FMMT,TNO-PA-BLM01-BLM02
T3521632,FMMT,TNO-PA-BLM01-ANA05
T3494558,FMMT,TSP-SP-SPO01-QDR21
T3747968,FMMT,TLE-MG-URA01-URA01
T3686716,FMO,TLE-MG-GVS01-MNH04
T3288191,Predios Industriais,TRJ-RJ-GRD01-ZSL01
T3393313,Predios Industriais,TNE-RN-NTL01-NTL01
T3677642,FMMT,TSP-SP-SPO01-QDR21
T3635034,FMMT,TLE-MG-BHE01-BHE01
T3376522,FMO,TSP-SP-SPO01-QDR21
T3694554,Predios Industriais,TSP-SP-SPO01-QDR41
T3744086,FMMT,TNE-RN-MRO01-MRO01
T3722167,Predios Industriais,TNE-BA-ITB01-ITB01
T3717638,FMMT,TSP-SP-SOC01-SOC01
T3679100,FMO,
T3457887,FMMT,TSP-SP-SPO01-QDR21
T3142071,FMMT,TNE-PB-JPA01-JPA01
T3486994,FMO,TSP-SP-SPO01-QDR21
T3628308,FMO,TSL-RS-POA01-POA01
T3713966,Predios Industriais,TCO-GO-GNA01-GNA01
T3619131,FMMT,TRJ-RJ-GRD01-ZSL01
T3744079,FMO,TRJ-RJ-GRD01-ZSL01
T3543388,Predios Industriais,TSP-SP-SPO01-QDR21
T3725331,PREDITIVA MACKINSEY,TRJ-RJ-INT01-CBF01
T3454600,PREDITIVA MACKINSEY,TRJ-RJ-GRD01-ZSL01
T3443663,FMMT,TSP-SP-SPO01-QDR11
T3491432,FMO,TLE-MG-BHE01-BHE01
T3717625,Predios Industriais,TNE-SE-AJU01-AJU01
T3698045,FMMT,TSP-SP-SPO01-QDR21
T3505566,Predios Industriais,TRJ-RJ-GRD01-ZSL01
T3694012,FMMT,TSL-SC-BNU01-JOV03
T3738672,Predios Industriais,TCO-MS-CPE01-CPE01
T3744083,FMO,TRJ-RJ-GRD01-ZSL01
T3610938,FMO,TNO-AM-MNS01-MNS01
T3142153,FMMT,TNE-PE-RCE01-RCE01
T3000301,Predios Industriais,TRJ-RJ-GRD01-ZSL01
T3730933,Predios Industriais,TNO-PA-BLM01-BLM02
T3733910,Predios Industriais,TSP-SP-SPO01-QDR21
T3621612,FMO,TRJ-RJ-GRD01-ZSL01
T3505597,FMMT,TSP-SP-STS01-STS02
T3514280,FMMT,TLE-MG-BHE01-BHE01
T3657042,FMMT,TSP-SP-STS01-STS02
T3657389,Predios Industriais,TSP-SP-SPO01-QDR32
T3746761,FMO,TRJ-RJ-GRD01-ZSL01
T3431331,FMMT,TRJ-RJ-GRD01-ZSL01
T3714151,FMO,TSL-PR-MGA01-MGR04
T3723512,FMO,TLE-MG-BHE01-BHE01
T3447822,FMMT,TNE-PE-RCE01-RCE01
T3078164,Predios Industriais,TRJ-RJ-ZNO01-ZOE02
T3745230,FMMT,TCO-RO-PVO01-PVO01
T3662692,FMMT,TRJ-RJ-GRD01-ZSL01
T3565743,Predios Industriais,TSP-SP-SPO01-QDR21
T3496570,FMO,TNO-AM-MNS01-MNS01
T3431103,FMMT,TSP-SP-SPO01-QDR11
T3714804,Predios Industriais,TSP-SP-SPO01-QDR21
T3546089,FMMT,TSL-PR-CTA01-PTG04
T3713983,Predios Industriais,TNO-AM-MNS01-MNS01
T3378061,FMO,TSL-PR-CTA02-CTA01
T3636624,FMMT,TNE-CE-FLA01-FLA01
T3698305,FMMT,TSP-SP-SPO01-QDR21
T3576350,FMMT,TSP-SP-SJC01-SJC01
T3727536,Predios Industriais,TNO-MA-SLS01-SLS02
T3497591,Predios Industriais,TNO-PA-BLM01-ANA05
T3429220,Predios Industriais,TRJ-RJ-ZNO01-ZOE02
T3396345,FMMT,TNE-BA-EUS01-EUS01
T3746421,FMO,TRJ-RJ-BXD01-BXD01
T3642635,FMMT,TSP-SP-SPO01-QDR21
T3499549,FMMT,TSP-SP-CAS01-CAS01
T3750099,FMO,TRJ-RJ-GRD01-ZSL01
T3568899,Predios Industriais,TRJ-RJ-GRD01-ZSL01
T3431330,FMMT,TSL-SC-FNS01-FNP02
T3691230,Predios Industriais,TRJ-RJ-GRD01-ZSL01
T3738550,FMMT,
T3503171,FMMT,
T3582744,FMMT,
T3713994,Predios Industriais,
T3643926,FMMT,
T3505348-09/02/2025,Predios Industriais,
T3743653,Predios Industriais,
T3620529,FMMT,
T3567678,Predios Industriais,
T3636549,FMO,
T3738419,Predios Industriais,TRJ-RJ-BXD01-BXD01
T3714794,Predios Industriais,TRJ-RJ-GRD01-ZSL01
T3738679,FMMT,TSP-SP-SPO01-QDR21
T3509212,FMMT,TSP-SP-SJC01-SJC01
T3490972,FMMT,TLE-MG-BHE01-BHE01
T3628362,Predios Industriais,TRJ-RJ-ZNO01-ZOE02
T3677639,FMMT,TSP-SP-SPO01-QDR21
T3746419,FMO,TRJ-RJ-GRD01-ZSL01
T3480763,FMMT,TSP-SP-SOC01-SOC01
T3474887,FMO,TCO-MT-ROI01-ROI01
T3742718,FMMT,TSL-PR-CTA01-IRT02
T3734179,FMMT,TSP-SP-SPO01-QDR11
T3717637,Predios Industriais,TRJ-RJ-INT01-CPS02
T3551317,FMMT,TSP-SP-CAS01-CAS01
T3457890,FMMT,TSP-SP-SPO01-QDR12
T3394228,FMO,TSP-SP-SPO01-QDR11
T3694249,FMMT,TSL-SC-BNU01-JOV03
T3718660,FMMT,TLE-MG-URA01-URA01
T3256334,Predios Industriais,TRJ-RJ-BXD01-BXD01
T3621032,FMO,TRJ-RJ-ZNO01-ZOE02
T3445756,FMO,TRJ-RJ-GRD01-ZSL01
T3699562,FMMT,TSL-PR-MGA01-MGR04
T3396321,PREDITIVA MACKINSEY,TLE-MG-DVL01-DVL01
T3700589,FMMT,TSP-SP-JAI01-JAI01
T3714004,Predios Industriais,TCO-DF-BSA01-BSA01
T3730444,FMO,TSL-PR-CSC01-FOZ03
T3738417,Predios Industriais,TRJ-RJ-BXD01-BXD01
T3745199,FMO,TLE-MG-MCL01-CUV03
T3301121,FMO,TSP-SP-SOC01-SOC01
T3690429,FMO,
T3396290,Predios Industriais,TLE-MG-MCL01-MCL01
T3445752,FMO,TRJ-RJ-GRD01-ZSL01
T3691574,FMMT,TNO-AM-MNS01-MNS01
T3742047,Predios Industriais,TRJ-RJ-GRD01-ZSL01
T3161020,FMMT,TSP-SP-SPO01-QDR41
T3713996,Predios Industriais,TCO-MS-CPE01-CPE01
T3604347,FMMT,TNE-CE-FLA01-FLA01
T3622364,FMO,TSP-SP-SPO01-QDR41
T3747970,FMMT,TLE-MG-BHE01-BHE01
T3659945,FMMT,TNE-PE-RCE01-RCE01
T3738323,FMMT,TRJ-RJ-GRD01-ZSL01
T3634729,FMMT,TSL-PR-CTA02-CTA01
T3584341,FMMT,TLE-MG-BHE01-BHE01
T3698306,FMMT,TSP-SP-SPO01-QDR22
T3137223,Predios Industriais,TRJ-RJ-ZNO01-ZOE02
T3742417,FMO,TRJ-RJ-GRD01-ZSL01
T3447332,FMMT,TCO-MT-CBA01-CBA01
T3737522,Predios Industriais,TNE-CE-FLA01-FLA01
T3521959,FMO,TRJ-RJ-BXD01-BXD01
T3747912,PREDITIVA MACKINSEY,TSL-PR-CSC01-PTB04
T3728233,FMMT,TSP-SP-CAS01-CAS01
T3748434,PREDITIVA MACKINSEY,TSL-PR-CSC01-UMR05
T3750416,FMO,TRJ-RJ-GRD01-ZSL01
T3556270-01-03-2025,FMMT,TSP-SP-SPO01-QDR21
T3566066,FMO,TNE-BA-SDR01-SDR01
T3347338,Predios Industriais,TSP-SP-SPO01-QDR21
T3714007,Predios Industriais,TLE-MG-BHE01-BHE01
T3742867,FMMT,TSP-SP-SOC01-SOC01
T3484881,FMO,TSL-PR-CSC01-UMR05
T3588858,Predios Industriais,TRJ-RJ-ZNO01-ZOE02
T3187080,FMMT,TSL-PR-CTA02-CTA01
T3360476,FMO,TRJ-RJ-GRD01-ZSL01
T3300636,FMO,TRJ-RJ-ZNO01-ZOE02
T3370030,FMO,TRJ-RJ-GRD01-ZSL01
T3749814,FMMT,TCO-RO-PVO01-PVO01
T3303129,FMO,TRJ-RJ-ZNO01-ZOE02
T3714805,Predios Industriais,TNE-AL-MCO01-MCO01
T3749334,Predios Industriais,TNE-RN-NTL01-NTL01
T3720856,Predios Industriais,TRJ-RJ-ZNO01-ZOE02
T3600077,FMO,TCO-MT-CBA01-CBA01
T3729444,FMMT,TSP-SP-SPO01-QDR11
T3501275,FMO,TRJ-RJ-GRD01-ZSL01
T3042684,Predios Industriais,TSP-SP-SPO01-QDR41
T3750110,FMO,TRJ-RJ-ZNO01-ZOE02
T3390544,Predios Industriais,TRJ-RJ-ZNO01-ZOE02
T3747965,FMMT,TSP-SP-SPO01-QDR41
T3256234,Predios Industriais,TRJ-RJ-GRD01-ZSL01
T3487617,FMMT,TCO-GO-GNA01-GNA01
T3376459,FMO,TRJ-RJ-BXD01-BXD01
T3237543,Predios Industriais,TRJ-RJ-GRD01-ZSL01
T3750415,FMO,TRJ-RJ-GRD01-ZSL01
T3676587,Predios Industriais,TRJ-RJ-ZNO01-ZOE02
T3750102,FMO,TRJ-RJ-ZNO01-ZOE02
T3750103,FMO,TRJ-RJ-GRD01-ZSL01
T3750104,FMO,TRJ-RJ-ZNO01-ZOE02
T3750409,FMMT,TLE-MG-URA01-URA01
T3750419,FMO,TRJ-RJ-GRD01-ZSL01
T3747329,FMMT,TSL-PR-CTA01-GPV01
T3613321,FMO,TSP-SP-SJC01-SJC01
T3371270,FMMT,TRJ-RJ-GRD01-ZSL01
T3714792,Predios Industriais,TRJ-RJ-GRD01-ZSL01
T3738420,Predios Industriais,TRJ-RJ-BXD01-BXD01
T3748910,Predios Industriais,TNO-PA-BLM01-BLM02
T3539056,FMMT,TNO-AM-MNS01-MNS01
T3738265,FMO,TRJ-RJ-ZNO01-ZOE02
T3493508,TESTE_SS-PROD,TCO-GO-RVD01-RVD01
